Abbekås;55.399274;13.600275
Abborrberget;59.712128;14.202896
Alberga;59.456204;14.880120
Alby;57.819483;18.956528
Alfta;61.345719;16.000104
Algutsrum;56.679426;16.529795
Alingsås;57.980745;12.458170
Allerum;56.128579;12.668427
Almunge;59.877306;18.046123
Alsike;59.756626;17.763587
Alstad;55.454374;13.209501
Alsterbro;56.940257;15.913943
Alster;59.398117;13.608431
Alstermo;56.974271;15.652680
Alunda;60.066453;18.078071
Alvesta;56.863826;14.447930
Alvhem;59.749985;17.761835
Alvik;59.333400;17.980300
Alvik;65.566667;21.783333
Ambjörnarp;57.421314;13.294558
Ammenäs;58.311395;11.818407
Anderslöv;55.438877;13.318682
Anderstorp;57.282982;13.636821
Aneby;57.874561;14.754430
Angelstad;56.827591;13.763888
Angered;57.813166;12.118917
Ankarsrum;57.700892;16.334361
Ankarsvik;62.373596;17.40904
Anneberg;57.539118;12.110653
Annelöv;55.836544;13.019732
Antnäs;65.552552;21.842872
Aplared;57.650125;13.067945
Arboga;59.394187;15.839664
Arbrå;61.473088;16.374964
Ardala;58.362007;13.338056
Arentorp;58.241915;12.873894
Arild;56.273819;12.572109
Arjeplog;66.380715;17.106845
Arkelstorp;56.173923;14.289774
Arninge;59.464709;18.129501
Arnö;56.180854;15.586153
Arrie;55.515525;13.085134
Arvidsjaur;65.656995;19.345614
Arvidsvik;57.888471;11.591697
Arvika;59.654355;12.591622
Askeby;58.406696;15.871683
Askersby;59.148960;15.474376
Askersund;58.835500;14.925755
Asmundtorp;55.885595;12.947194
Aspeboda;60.560042;15.491874
Asperö;57.646285;11.800211
Aspås;63.365034;14.484700
Avan;66.109133;22.300143
Avesta;60.146955;16.182699
Axvall;58.389166;13.574769
Backaryd;56.347209;15.154482
Backa;60.660842;17.076742
Backe;62.273599;17.143122
Baggetorp;58.905277;14.608042
Baldersnäs;58.962705;12.277522
Ballingslöv;56.214274;13.846578
Balsby;56.075362;14.211030
Bammarboda;59.506469;18.468463
Bankekind;58.361450;15.853222
Bankeryd;57.863142;14.127853
Bara;57.588491;18.610915
Barkarö;59.555793;16.504193
Barsebäck;55.771661;12.956365
Barsebäckshamn;55.755836;12.905884
Baskemölla;55.591541;14.315296
Bastuträsk;64.021139;19.347257
Beddingestrand;55.360633;13.425184
Bengtsfors;59.011644;12.245549
Bengtsheden;60.700717;15.870233
Bensbyn;65.639826;22.239665
Bergagård;56.981516;12.577500
Berga;57.216667;16.033333
Berga;58.598056;16.252222
Bergby;60.929064;17.041003
Bergeforsen;62.526318;17.373982
Berg;62.689571;14.356633
Berghem;61.546404;16.981166
Bergkvara;56.390750;16.070362
Berg;62.689571;14.356633
Bergnäset;65.568224;22.110145
Bergshammar;58.741404;16.912554
Bergshamra;59.639531;18.656496
Bergsjö;61.983775;17.058369
Bergströmshusen;55.676680;13.173360
Bergsviken;65.307803;21.390501
Bergsäng;60.111842;13.567442
Bergvik;61.255352;16.832544
Berg;62.689571;14.356633
Bestorp;58.233475;15.733218
Betsede;59.329785;18.431584
Bettna;58.907255;16.638713
Bie;59.087860;16.211660
Billdal;57.576997;11.942625
Billeberga;55.882914;12.999087
Billinge;55.962529;13.331781
Billingsfors;58.983173;12.246167
Billsta;63.322877;18.514495
Birka;59.332728;17.544941
Bjurholm;63.964237;18.979487
Bjursås;60.737604;15.450190
Bjuv;56.084298;12.916730
Bjärlöv;56.112944;14.087109
Bjärnum;56.290441;13.711422
Bjärred;55.722186;13.021643
Bjärsjölagård;55.723107;13.689776
Bjästa;63.203875;18.500273
Björbo;60.456683;14.727251
Björboholm;57.873579;12.328050
Björke;60.765938;17.191293
Björketorp;57.426156;12.523757
Björklinge;60.029136;17.551431
Björkskatan;65.61585;22.177784
Björkvik;58.839772;16.513832
Björköby;57.519216;14.905918
Björkö;57.86431;16.656670
Björna;63.735842;18.449723
Björneborg;55.486245;13.385036
Björnlunda;59.066026;17.159785
Björnås;62.902228;18.346429
Björnänge;61.302995;17.035888
Björsäter;58.658272;13.699112
Blackstalund;59.963056;17.382621
Bleket;57.953250;11.570375
Blentarp;55.584158;13.599080
Blidsberg;57.930513;13.493323
Blidö;59.614538;18.901464
Blombacka;59.606125;13.801258
Blomstermåla;56.984570;16.328683
Blåsmark;65.265284;21.292715
Blötberget;60.126774;15.058789
Bockara;57.261836;16.065139
Bodafors;57.505262;14.703379
Boda;59.661106;16.894597
Boden;65.827500;21.696410
Boliden;64.867048;20.387333
Bollebygd;57.744516;12.583187
Bollnäs;61.318303;16.396793
Bollstabruk;62.997142;17.675724
Bonäs;61.071555;14.485861
Borensberg;58.565658;15.280218
Borggård;58.730203;15.558990
Borgholm;56.879927;16.656137
Borgstena;57.883805;13.013169
Borlänge;60.485642;15.423456
Borrby;55.458033;14.180885
Bor;57.117835;14.156708
Borås;57.721083;12.940740
Bosnäs;57.668333;12.844263
Botsmark;64.253403;20.246195
Bottnaryd;57.769513;13.826133
Bovallstrand;58.474747;11.318806
Boxholm;58.132595;15.127738
Brantevik;55.515199;14.345963
Brastad;58.382006;11.485181
Braås;57.059792;15.048356
Bredared;57.805782;12.902985
Bredaryd;57.174104;13.738937
Bredbyn;62.198527;17.230967
Bredsand;62.342022;17.372269
Bredviken;62.481596;16.460890
Broaryd;57.120231;13.258352
Broby;59.864782;17.825286
Brokind;58.218153;15.681462
Bromölla;56.076158;14.468173
Brottby;59.560959;18.238716
Bro;57.669298;18.472247
Brunna;60.262222;16.010129
Brunnsberg;61.207716;14.119674
Brunn;57.800682;13.369513
Bruzaholm;57.642463;15.271970
Brålanda;58.563312;12.350740
Bräcke;62.752127;15.419870
Bräkne-Hoby;56.228560;15.116940
Brändön;65.695381;22.336566
Brännland;64.658330;18.453399
Brännö;57.643783;11.771863
Brösarp;55.724581;14.104728
Bua;57.237037;12.122481
Buerås;57.423823;11.968179
Bullmark;64.028582;20.483959
Bunkeflostrand;55.553362;12.915588
Bureå;64.617984;21.200493
Burgsvik;57.033211;18.276696
Burlövs egnahem;55.635827;13.101915
Burseryd;57.375451;14.789713
Burträsk;64.519004;20.655786
Buskhyttan;58.665071;16.942079
Butbro;58.716322;15.834455
Bygdeå;64.061088;20.853516
Bygdsiljum;64.350669;20.505061
Byske;64.954508;21.205751
Bålsta;59.568210;17.529364
Bårslöv;56.011964;12.801899
Båstad;56.426789;12.860715
Båtskärsnäs;65.780928;23.422138
Bäckaskog;56.044299;14.334260
Bäckebo;56.889220;16.065362
Bäckefors;58.806127;12.159969
Bäckhammar;59.158939;14.190986
Bälgviken;59.249827;16.460741
Bälinge;65.633333;21.933333
Bälinge;59.948845;17.542984
Bärby;59.856685;17.817504
Bäsna;60.541131;15.207791
Böle;65.386151;21.322539
Bönan;60.736131;17.303216
Charlottenberg;59.883960;12.304920
Dala-Floda;60.507692;14.79673
Dalarö;59.133518;18.405239
Dalby;55.664663;13.346158
Dalsjöfors;57.721698;13.106962
Dals Långed;58.925905;12.306382
Dals Rostock;58.714085;12.355654
Dalstorp;57.605573;13.511657
Dalum;57.900296;13.464924
Danholn;60.619545;15.792959
Danmark;57.949937;11.549310
Dannemora;60.203273;17.859906
Dannike;57.688771;13.227561
Degeberga;55.837151;14.089263
Degerfors;59.153172;14.429411
Degerhamn;56.355521;16.411009
Deje;59.605939;13.463648
Delsbo;61.800127;16.555886
Dingle;58.527657;11.578637
Dingtuna;59.572402;16.388665
Diseröd;57.924606;12.028827
Diö;56.639381;14.221131
Djupekås;56.070682;14.721403
Djura;60.612263;15.005470
Djurås;60.560541;15.130313
Djurön;58.629273;16.347165
Djurö;58.863797;13.470505
Docksta;63.057320;18.327456
Domsten;56.119693;12.607308
Donsö;57.601575;11.803462
Dorotea;64.463960;16.114733
Drag;56.779433;16.420263
Drottningholm;59.324925;17.887332
Drottningskär;57.501139;11.926259
Drängsmark;64.917969;20.954582
Dunö;56.634091;16.265794
Duvesjön;57.953185;12.018631
Dvärsätt;63.302411;14.473199
Dyvelsten;59.514042;13.438148
Dösjebro;55.819977;13.030453
Eda Glasbruk;59.921335;12.263376
Edane;59.62982;12.822921
Ed;58.912582;11.934013
Edeby;59.811901;17.775823
Edsbro;59.895128;18.492378
Edsbruk;58.019577;16.467459
Edsbyn;61.377442;15.818175
Edsta;61.773770;17.003710
Edsvalla;59.436975;13.210344
Eggby;58.433965;13.645112
Ekeby-Almby;59.258469;15.336875
Ekeby;56.016667;12.950000
Ekeby;59.166667;15.266667
Ekeby;59.183333;17.633333
Ekedalen;59.990706;17.299305
Ekenässjön;57.491838;15.020954
Ekerö;59.355591;17.622421
Ekerö sommarstad;59.276032;17.734500
Eket;58.057464;13.803066
Ekshärad;60.174282;13.493761
Eksjö;57.667443;14.973559
Ekskogen;59.641435;18.231124
Eksund;58.585982;16.091887
Ekängen;59.307174;17.752373
Eldsberga;56.597933;12.985408
Ellös;58.179970;11.468747
Emmaboda;56.630833;15.540661
Emmaljunga;56.399826;13.649232
Emsfors;56.210123;14.096059
Emtunga;58.255237;12.999074
Enbacka;60.411803;15.612191
Eneryda;56.703808;14.338377
Enhagen-Ekbacken;59.565620;16.531830
Enköping;59.635611;17.077856
Enstaberga;58.751468;16.854532
Enviken;59.623668;18.629259
Enånger;61.547469;17.002246
Eriksmåla;56.736840;15.473637
Eringsboda;56.440125;15.362501
Ersmark;64.848388;20.898183
Ersmark;64.850000;20.900000
Ersnäs;65.529052;21.794633
Eskilstuna;59.371737;16.505147
Eslöv;55.837495;13.303626
Evertsberg;61.135109;13.959032
Everöd;55.899331;14.097671
Fagerhult;57.816667;13.933333
Fagerhult;57.150000;15.666667
Fagerhult;58.416667;12.016667
Fagersanna;59.135612;15.276200
Fagersta;60.003862;15.790605
Fagerås;59.160306;12.877854
Falerum;58.143713;16.206315
Falkenberg;57.012893;12.711883
Falköping;58.164693;13.493855
Falla;58.682822;15.746510
Falun;60.607006;15.632305
Fanbyn;62.408973;16.579451
Farhult;56.215028;12.712529
Fegen;57.104094;13.032551
Fellingsbro;59.434397;15.589001
Fengersfors;58.994944;12.463962
Figeholm;57.376711;16.552266
Filipstad;59.713548;14.168031
Filsbäck;58.490767;13.245936
Finja;56.167568;13.689776
Finkarby;59.224838;17.308238
Finnerödja;58.928540;14.441130
Finspång;58.70773;15.775864
Finsta;59.736929;18.492091
Fiskebäckskil;58.245646;11.456629
Fisksätra;59.292196;18.253788
Fjugesta;59.173408;14.870949
Fjälkinge;56.043385;14.275847
Fjällbacka;58.598754;11.282780
Fjärdhundra;59.776070;16.917936
Fjärås kyrkby;57.460032;12.172380
Fjärås station;57.438054;12.155869
Flen;59.056782;16.5893
Fleninge;56.108335;12.791536
Flerohopp;56.822755;15.876840
Fliseryd;57.124107;16.263129
Floby;58.138443;13.336221
Flurkmark;63.982403;20.236600
Flygsfors;56.839391;15.779186
Flyinge;55.753452;13.368546
Flädie;55.725269;13.071982
Folkärna;60.152841;16.314388
Fornåsa;58.479116;15.227964
Fors;62.338615;17.026972
Forsbacka;60.615339;16.894980
Forserum;57.699733;14.472352
Forshaga;59.529061;13.482603
Forsheda;57.167855;13.830136
Forssjö;58.955414;16.292684
Forsvik;65.055692;17.251008
Fotö;57.670081;11.654583
Fredriksberg västra;58.590937;14.088724
Fredriksberg östra;58.590937;14.088724
Fredriksdal;56.057533;12.726913
Fredriksfors;61.787858;16.612753
Freluga;61.327525;16.296974
Fridlevstad;56.269795;15.542106
Friggesund;61.896424;16.546260
Frillesås;57.317280;12.176746
Frinnaryd;57.934088;14.820862
Fristad;57.823881;13.010019
Fritsla;57.551873;12.786593
Främmestad;58.233322;12.666292
Frändefors;58.500056;12.278243
Fränsta;62.499123;16.170082
Frödinge;57.699586;16.005047
Frösakull;56.668435;12.739596
Frövi;59.466198;15.365069
Funbo;59.856784;17.856577
Funäsdalen;62.546067;12.542015
Furuby;56.853366;15.031764
Furudal;61.169946;15.135453
Furulund;55.776234;13.091198
Furusjö;57.930290;13.960971
Furuvik;60.652738;17.329966
Fågelfors;57.207380;15.843661
Fågelmara;56.260068;15.947508
Fågelsta;64.235420;16.298217
Fågelvikshöjden;59.280596;18.447797
Fåker;62.991929;14.577169
Fårbo;57.383971;16.484591
Fårösund;57.863033;19.050890
Färgelanda;58.613536;12.005882
Färila;61.798149;15.843765
Färjestaden;56.651710;16.472174
Färlöv;56.072127;14.085975
Föllinge;63.672285;14.615961
Förslöv;56.353279;12.817391
Gagnef;60.456909;14.866827
Gamleby;57.899823;16.408256
Gammelgården;65.881964;23.041193
Gantofta;55.987462;12.801964
Garpenberg;60.311671;16.195085
Garphyttan;59.302204;14.949523
Gemla;56.870036;14.648903
Genarp;55.599519;13.399529
Genevad;56.569084;13.032883
Gessie Villastad;55.4974;12.956839
Gesunda;60.887017;14.550466
Getinge;56.820129;12.732667
Getterön;57.120002;12.212379
Gideå;63.479403;18.976834
Gimo;60.167736;18.188617
Gislaved;57.293072;13.492229
Gissebo;57.838341;14.272612
Gistad;58.458106;15.927406
Gladö kvarn;59.190900;17.982330
Glanshammar;59.318326;15.400557
Glava;59.554853;12.560902
Glemmingebro;55.451134;14.023794
Glimåkra;56.303711;14.133828
Glommen;56.932469;12.364506
Glommersträsk;65.260836;19.635022
Glumslöv;55.941698;12.810486
Glömminge;56.718267;16.534881
Gnarp;62.048928;17.254518
Gnesta;59.048663;17.312548
Gnosjö;57.358565;13.788214
Gonäs;60.147715;15.092607
Gottne;63.430935;18.424791
Granby;59.657562;17.632342
Granö;59.561506;18.764090
Graversfors;58.696832;16.150096
Grebbestad;58.691937;11.253141
Grebo;58.302142;15.871671
Grevie;55.622487;13.197019
Grillby;59.625462;17.259092
Grimslöv;56.738893;14.542548
Grimstorp;57.499859;14.442429
Grimsås;57.484848;13.551954
Gripenberg;57.993278;14.853253
Grisslehamn;60.098176;18.805852
Gropen;59.162062;14.830566
Grums;59.398724;13.034648
Grundsund;58.213364;11.419244
Grycksbo;60.689290;15.487599
Grytgöl;58.801861;15.555081
Grythyttan;59.705624;14.536707
Gryt;59.213739;15.258451
Gråbo;57.838561;12.299197
Gräddö;59.764168;19.032137
Gräfsnäs;58.081050;12.492747
Grängesberg;60.075164;15.006748
Grängesberg västra;60.075164;15.006748
Gränna;58.025058;14.467314
Gränum;56.229872;14.606554
Grästorp;58.328806;12.625973
Grödby;56.082960;14.522360
Gualöv;56.048191;14.419841
Gubbo;60.360709;17.463489
Gudhem;58.226917;13.567102
Gullbrandstorp;56.702952;12.735216
Gullbranna;56.590329;12.947142
Gulleråsen;61.059703;15.185580
Gullringen;57.800057;15.717278
Gullspång;58.925370;14.130022
Gunnarskog;59.813528;12.572332
Gunnebo;57.722421;16.527503
Gunsta;59.854163;17.833642
Gusselby;59.645375;15.218535
Gustavsberg;59.325623;18.388514
Gusum;58.273342;16.501596
Gyttorp;59.504923;14.966624
Gånghester;57.701552;13.023595
Gårdby;56.604353;16.642559
Gårdskär;59.223892;14.059119
Gårdstånga;55.764195;13.322496
Gåvsta;59.942690;17.875570
Gäddede;64.502789;14.146139
Gällivare;67.135243;20.660484
Gällstad;57.669055;13.433189
Gällö;62.918379;15.249429
Gängletorp;56.170836;15.739940
Gärds Köpinge;55.946387;14.156024
Gärsnäs;55.545916;14.185333
Gävle;60.675013;17.146701
Göta;57.712516;12.927321
Göteborg;57.707232;11.967017
Götene;58.528062;13.492122
Götlunda;59.354146;15.667716
Habo;57.975174;14.065819
Hackås;62.923938;14.518695
Haga;57.698352;11.955813
Hagby;59.800636;17.376211
Hagfors;60.087994;13.646585
Hagge;60.124551;15.281262
Hagryd-Dala;57.530203;11.976054
Hakkas;66.916458;21.566148
Hallabro;56.390162;15.102686
Halla Heberg;57.465284;11.988166
Hallen;57.716959;12.388543
Hallsberg;58.993131;15.327730
Hallstahammar;59.613448;16.230161
Hallstavik;60.051760;18.597017
Halltorp;56.499708;16.103074
Halmstad;56.673982;12.857482
Halvarsgårdarna;60.405960;15.386742
Hamburgsund;58.553609;11.273685
Hammar;56.031989;14.204713
Hammarby;59.819391;17.782188
Hammar;56.031989;14.204713
Hammarslund;56.017863;14.193314
Hammarstrand;63.108577;16.355842
Hammenhög;55.503246;14.152144
Hammerdal;63.582469;15.354173
Hampetorp;59.140068;15.668353
Hanaskog;56.159064;14.093411
Haparanda;65.835667;24.135721
Harads;66.088515;20.944173
Hara;63.039251;14.462705
Harbo;60.108367;17.209961
Hargshamn;60.167768;18.484925
Harkie;59.531890;16.714112
Harlösa;55.717611;13.525610
Harmånger;61.927630;17.217365
Harplinge;56.744347;12.724915
Hassela;62.108258;16.711467
Hasselfors;59.083459;14.654990
Hasslarp;56.137304;12.813448
Hasslö;56.109771;15.465959
Hasslöv;56.413086;13.006068
Havdhem;57.161600;18.332037
Haverdal;56.728083;12.671424
Heberg;56.880820;12.628135
Heby;60.066453;17.007221
Hedared;57.808591;12.752778
Hede;57.500563;12.541570
Hedekas;58.644993;11.780037
Hedemora;60.278599;15.987029
Hedenäset;66.235517;23.677934
Hedeskoga;55.451182;13.797324
Hedesunda;60.394025;17.006446
Hedkärra;59.97604;15.743986
Hedlunda;64.020241;19.902091
Helgered;57.696493;12.255842
Helsingborg;56.044198;12.704068
Hemavan;65.815277;15.08528
Hemmingsmark;65.222951;21.282341
Hemse;57.240149;18.380019
Hemsjö;57.844528;12.477200
Henån;58.236163;11.679338
Herrljunga;58.009184;13.157048
Herrskog;62.9166;18.027686
Herräng;60.129473;18.647286
Herstadberg;58.628076;16.175319
Hestra;57.446111;13.594167
Hestra;57.950000;15.066667
Hillared;57.633198;13.161683
Hillerstorp;57.314476;13.891287
Hillsta och Se;62.427959;17.415109
Himle;57.073175;12.366750
Hindås;57.702816;12.451188
Hishult;56.428253;13.312204
Hissjö;63.939518;20.156303
Hissmofors;63.319726;14.458035
Hittarp;56.098331;12.638806
Hjo;58.268521;14.280176
Hjorted;57.620590;16.303010
Hjortkvarn;58.900560;15.434484
Hjortnäs;60.794918;14.967465
Hjortsberga;56.914297;14.453907
Hjälmared;57.541825;12.151121
Hjälm;58.086516;11.601715
Hjältevad;57.629100;15.343187
Hjärnarp;56.316862;12.917843
Hjärsås;56.207866;14.147964
Hjärtum;58.180071;12.108522
Hjärup;55.669848;13.139972
Hofors;60.485470;16.453538
Hofterup;55.798332;12.976774
Hogstad;58.330768;15.026194
Hogstorp;58.396473;11.757787
Hok;57.517210;14.274435
Holmeja;55.554932;13.273687
Holm;62.679578;16.529760
Holmsjö;56.420251;15.538952
Holmsund;63.708173;20.373003
Holsbybrunn;57.437279;15.199514
Holsljunga;57.413322;12.973595
Horda;57.037367;14.258215
Horla;57.967728;12.728250
Horndal;60.291412;16.402185
Horn;58.523834;13.892761
Horred;57.358548;12.472959
Hortlax;65.280143;21.403477
Hoting;64.115163;16.202508
Hova;58.857820;14.217518
Hoverberg;62.811151;14.442336
Hovid;62.471505;17.400850
Hovmantorp;56.789422;15.134665
Hovsta;59.346570;15.227392
Huaröd;55.840368;13.968270
Hudiksvall;61.728273;17.104708
Hultafors;57.695803;12.734457
Hult;58.536157;15.690562
Hultsfred;57.394793;15.775161
Hulu;57.161190;14.924104
Hummelsta;59.625723;16.948556
Hunnebostrand;58.441239;11.301082
Hunnestad;57.100656;12.355766
Hurva;55.796007;13.438365
Husum;63.333385;19.161944
Hybo;61.797210;16.193829
Hyllinge;56.105325;12.869367
Hyltebruk;56.999572;13.239955
Hyssna;57.555518;12.539430
Håbo-Tibble kyrkby;59.587032;17.661931
Håga;59.838302;17.576150
Håksberg;60.185035;15.204186
Hållsta;63.002228;14.963202
Hånger;58.262814;13.521134
Häggenås;63.390779;14.893690
Häljarp;55.851545;12.915209
Hällaryd;57.339693;14.568146
Hällberga;59.319095;16.597212
Hällbybrunn;59.390145;16.424177
Hällefors;59.782950;14.522491
Hälleforsnäs;59.151383;16.500051
Hällekis;58.630563;13.437862
Hällestad;58.107593;13.270394
Hällesåker;57.599574;12.189499
Hällevadsholm;58.578554;11.543153
Hällevik;56.013781;14.696968
Hällingsjö;57.618286;12.435963
Hällnäs;64.307651;19.623205
Hälsö;57.734884;11.652415
Häradsbygden;60.702229;15.047116
Härad;59.361288;16.901567
Härnösand;62.632308;17.937991
Härryda;57.669189;12.295911
Härslöv;55.932406;12.876023
Hässleholm;56.157986;13.765332
Hästhagen;60.680797;16.826887
Hästholmen;56.085896;15.756573
Hästveda;56.284508;13.936391
Hästängen;59.233846;14.537957
Höganäs;56.200856;12.551584
Högboda;59.556837;13.053804
Höggeröd;58.000793;11.655793
Högsby;57.113119;15.880439
Högsjö;62.789753;17.821400
Högsäter;58.651104;12.055453
Hökerum;57.838663;13.286221
Hökåsen;57.752535;12.990957
Hököpinge;55.493338;13.008787
Höllviken;55.413762;12.963231
Hölö;59.025492;17.535552
Hönö;57.690313;11.652050
Hörby;55.854013;13.663330
Hörja;56.205668;13.599750
Hörnefors;63.627856;19.914096
Hörvik;56.040496;14.765190
Höviksnäs;58.033244;11.748350
Höör;55.933291;13.545383
Idkerberget;60.380512;15.233008
Idre;61.858427;12.716846
Igelfors;58.845527;15.696952
Igelstorp;58.398704;13.978407
Iggesund;61.642963;17.078121
Ilsbo;61.858634;17.050985
Immeln;56.206054;14.248948
Indal;62.609679;17.020301
Ingared;57.850420;12.458476
Ingatorp;58.262271;13.548443
Ingelstad;56.740857;14.929001
Ingelsträde;56.185135;12.632973
Innertavle;63.813807;20.419065
Insjön;60.679419;15.092323
Inskogen;58.687827;17.044937
Irsta;59.602556;16.693707
Johannesudd;59.551617;18.030971
Johannishus;56.226857;15.420548
Johansfors;56.838673;12.979440
Jokkmokk;66.605853;19.837931
Jonsered;57.746978;12.171260
Jonslund;59.151973;15.322610
Jonstorp;58.012524;14.590630
Jordbro;59.142399;18.131791
Jukkasjärvi;67.850378;20.605304
Jung;59.691678;17.043493
Junosuando;67.428291;22.511417
Junsele;63.798958;16.921770
Juoksengi;66.557640;23.832344
Jäderfors;60.662727;16.697894
Jälla;59.904850;17.716677
Jämjö;56.190848;15.840349
Jämshög;56.241287;14.531979
Jämtön;65.853761;22.498201
Järavallen;55.792710;12.950475
Järbo;60.719930;16.597216
Järlåsa;59.886907;17.200555
Järna;59.083333;17.566667
Järna;60.550000;14.350000
Järnforsen;57.408473;15.621071
Järpen;63.348376;13.463668
Järpås;58.380110;12.972543
Järvsö;61.715894;16.169320
Jättendal;61.978121;17.243329
Jävre;65.154321;21.498697
Jönköping;57.781470;14.162757
Jönåker;58.746927;16.725095
Jörlanda;57.986393;11.831144
Jörn;65.057646;20.041264
Jössefors;59.673429;12.504671
Kalix;65.771284;23.130228
Kalkudden;59.265052;17.282932
Kallax;65.524573;22.059254
Kallfors;63.532883;19.116272
Kallinge;56.245610;15.287237
Kalmar;56.662882;16.366238
Kalvsund;57.708968;11.680922
Kangos;67.484526;22.655664
Karby;59.926650;17.837014
Karesuando;68.440505;22.474315
Karlholmsbruk;60.521940;17.636231
Karlsborg;58.594482;14.539705
Karlshamn;56.170172;14.863127
Karlskoga;59.388301;14.552600
Karlskrona;56.162107;15.586642
Karlstad;59.379913;13.502948
Karlsvik;65.597283;22.079106
Karungi;66.044553;23.953027
Karups sommarby;55.591988;13.637648
Kastlösa;56.459838;16.428953
Katrinedal;59.475315;17.836947
Katrineholm;59.016346;16.324228
Kattarp;56.193491;12.755286
Kaxholmen;57.854004;14.307587
Kebal;58.952553;11.152931
Kilafors;61.228627;16.567118
Kil;59.567107;13.190544
Killeberg;56.475869;14.096954
Kil;59.567107;13.190544
Kilsmo;59.068552;15.539169
Kimstad;58.548921;15.968906
Kinna;57.507764;12.692822
Kinnared;57.026938;13.110207
Kinnarp;58.074887;13.519676
Kinnarumma;57.593197;12.874498
Kiruna;67.855072;20.225548
Kisa;57.987820;15.631767
Kivik;55.684635;14.224772
Kjulaås;59.387697;16.677549
Klagstorp;58.336555;13.885317
Klevshult;57.355188;14.101380
Klingsta och Allsta;62.328093;17.208368
Klintehamn;57.386394;18.202844
Klippan;56.116273;13.228856
Klippans bruk;56.119790;13.148501
Klockestrand;62.876604;17.907755
Klockrike;58.496565;15.338339
Klutmark;64.729520;20.716593
Klågerup;55.594253;13.249008
Klädesholmen;57.944109;11.538262
Kläppa;57.363652;12.141729
Klässbol;59.537569;12.743575
Klövedal;58.037972;11.575078
Klöverträsk;65.638013;21.392009
Klövsjö;62.527828;14.197194
Knislinge;56.194202;14.085138
Knivsta;59.743923;17.816204
Knutby;59.909686;18.266033
Knäred;56.520239;13.316688
Kode;57.943903;11.850813
Kolbäck;59.562481;16.235983
Kolsva;59.599841;15.844000
Konga;56.497917;15.121524
Kopparberg;59.874506;14.990384
Kopparmora;59.335833;18.565
Kopparnäs;65.404689;21.478504
Koppom;59.703155;12.149459
Korpilombolo;66.850432;23.056268
Korsberga;58.300000;14.083333
Korsberga;57.302500;15.125278
Korsträsk;65.668190;20.867354
Kortebo;57.814875;14.145419
Koskullskulle;67.185964;20.738665
Kosta;56.847541;15.394082
Kovikshamn;57.841715;11.686537
Kovland;62.470936;17.155297
Kramfors;62.930611;17.783990
Krika;56.095109;13.145129
Kristdala;57.400567;16.197434
Kristianstad;56.029377;14.156685
Kristinehamn;59.311361;14.11176
Kristvallabrunn;56.777766;16.053326
Krokek;58.674980;16.365736
Krokom;63.802225;14.180883
Krylbo;60.127434;16.211779
Krägga;59.606041;17.404754
Kränge;58.440932;15.468802
Kullersta;59.449047;16.531014
Kulltorp;59.914851;16.250672
Kullö;59.413961;18.304833
Kumla;59.117423;15.109026
Kungsberga;59.405967;17.627952
Kungsgården;61.365482;16.947860
Kungshamn;58.360817;11.251142
Kungshult;56.102261;12.695800
Kungsängen;59.478667;17.751169
Kungsäter;57.305817;12.564880
Kungsör;59.413971;16.087752
Kungälv;57.870786;11.978862
Kurland;55.376975;13.084278
Kurveröd;58.363597;11.890481
Kusmark;64.87881;20.79953
Kuttainen;68.381679;22.826079
Kvarsebo;58.640770;16.628524
Kvegerö;58.927495;17.369469
Kvibille;56.783227;12.832206
Kvicksund;59.457644;16.314485
Kvidinge;56.135365;13.044990
Kvillsfors;57.403087;15.497728
Kvissleby;62.299215;17.379976
Kvänum;58.301430;13.186595
Kvärlöv;55.839439;12.986569
Kyrkesund;58.015795;11.514944
Kyrkheddinge;55.649140;13.268006
Kyrkhult;55.832424;13.724734
Kyrksten;59.437666;14.392946
Kågeröd;55.999056;13.088313
Kåge;64.835173;20.984811
Kåhög;57.750421;12.151588
Kållekärr;58.026051;11.660106
Kånna;56.781805;13.903944
Kårsta;59.657503;18.274701
Kälarne;62.979221;16.085824
Källby;58.509551;13.307386
Källhagen;60.698760;17.194925
Källö-Knippla;57.753167;11.651050
Kärda;57.171295;13.921352
Kärna;58.410221;15.510259
Kärsta;59.679131;16.837808
Kättilsmåla;56.269177;15.736483
Kättilstorp;56.825167;14.777483
Kävlinge;55.791294;13.107347
Köinge;57.064209;12.645174
Köpingebro;55.452452;13.935417
Köping;59.579954;15.879021
Köpmanholmen;63.169467;18.554621
Lagan;57.238215;14.069977
Laggarberg;62.464177;17.258688
Laholm;56.512652;13.044638
Lammhult;57.168903;14.580559
Landeryd;57.077553;13.266096
Landfjärden;59.035934;17.989155
Landsbro;57.369620;14.901320
Landskrona;55.869800;12.829673
Landvetter;57.685293;12.223490
Lanesund och Överby;58.340046;11.728530
Lanna;57.223516;13.777647
Larv;58.188968;13.126441
Latorpsbruk;59.275532;14.987604
Laxvik;56.597352;12.927060
Laxå;58.982954;14.619779
Lekeryd;57.773366;14.418215
Leksand;60.724768;14.868461
Lenhovda;56.997770;15.284947
Lerbäckshult;56.335259;12.973061
Lerdala;58.477042;13.709034
Lerum;57.769947;12.268929
Lesjöfors;59.97628;14.184061
Lessebo;56.756624;15.267950
Liatorp;56.663235;14.265872
Lidatorp och Klövsta;58.958090;17.906444
Liden;62.699009;16.803524
Lidhult;56.827578;13.440539
Lidingö;59.364384;18.133142
Lidköping;58.568247;13.009890
Lidköping norra;58.568247;13.009890
Lilla Edet;58.157211;12.081630
Lilla Edet västra;58.157211;12.081630
Lilla Harrie;55.792753;13.202751
Lilla Stenby;59.384764;17.524639
Lilla Tjärby;56.527249;13.056591
Lillhaga;61.832770;16.057998
Lillhärdal;61.851045;14.068330
Lillkyrka;58.499803;15.903497
Lillpite;65.373996;21.151354
Limedsforsen;60.889845;13.395734
Limmared;57.537388;13.356598
Linderöd;55.933072;13.823756
Lindesberg;59.593056;15.226496
Lindholmen;56.151828;15.585013
Lindsdal;56.733926;16.297433
Lindö;56.673253;16.361488
Lingbo;61.048803;16.694169
Linghed;60.78361;15.860435
Linghem;58.429082;15.787180
Linköping;58.409813;15.624525
Linneryd;56.660845;15.124572
Listerby;56.196403;15.402268
Lit;63.316657;14.849945
Ljunga;58.577125;16.307637
Ljungbyhed;56.074442;13.233562
Ljungbyholm;56.633975;16.168375
Ljungby;56.832588;13.935991
Ljungsarp;57.565104;13.583330
Ljungsbro;58.508132;15.502618
Ljungskile;58.224650;11.919828
Ljusdal;61.829375;16.095359
Ljusfallshammar;58.788109;15.493705
Ljusne;61.213630;17.128154
Ljusterö Nolsjö;59.531146;18.618247
Loftahammar;57.904348;16.693118
Lomma;55.674534;13.070892
Los;61.736513;15.169209
Lotorp;58.734100;15.827684
Lottefors;61.419319;16.407473
Lucksta;62.301515;17.051930
Luddingsbo;58.507934;16.137539
Ludvika;60.150377;15.181398
Lugnet och Skälsmara;59.255870;18.535627
Lugnvik;57.766888;12.216301
Lugnås;58.644023;13.699969
Luleå;65.583135;22.146013
Lundby;59.671230;17.047432
Lunde;61.974137;17.241551
Lund;55.702929;13.192944
Lundsbrunn;58.471591;13.445263
Lunnarp;55.543894;14.040716
Lunne;63.784732;17.657620
Lurudden;59.274685;17.708260
Lycksele;64.595861;18.677755
Lycksta;59.695182;16.567965
Lyrestad;58.803630;14.059127
Lysekil;58.291426;11.329568
Lysvik;60.015272;13.132996
Långared;58.045332;12.520669
Långasjö;56.429453;15.461471
Långsele;63.185115;17.056398
Långshyttan;60.451773;16.032348
Långviksmon;63.631477;18.698402
Långvik;65.416475;21.850586
Långås;56.979132;12.447907
Läby;60.088426;17.555379
Läckeby;56.782908;16.294941
Länghem;57.601177;13.242889
Länna;59.878854;17.966069
Läppe;59.129561;15.799966
Lärbro;57.785162;18.790637
Löberöd;55.775677;13.514908
Löddeköpinge;55.763213;13.000394
Löderup;55.438801;14.113706
Lödöse;58.033758;12.154571
Lögdeå;63.549258;19.390514
Lönsboda;56.398584;14.321326
Lörby;56.071259;14.696498
Löttorp;57.166116;16.996494
Löwenströmska lasarettet;59.541799;17.916415
Lövestad;55.652280;13.891961
Lövstalöt;59.958716;17.577546
Lövånger;64.368753;21.313517
Madängsholm;58.140409;13.921067
Magra;58.113151;12.623350
Mala;56.241004;13.711531
Malmberget västra;67.176118;20.658935
Malmberget östra;67.176118;20.658935
Malmbäck;56.840954;14.049387
Malmen;57.014890;16.219951
Malmköping;59.133138;16.725512
Malmslätt;58.416735;15.516966
Malmö;55.605293;13.000156
Malmön;60.589005;16.777880
Malung;60.686446;13.714586
Malungsfors;60.734169;13.552234
Malå;65.238752;18.729258
Mantorp;58.354314;15.288493
Marbäck;56.705200;13.029041
Margretetorp;56.335859;12.892382
Mariannelund;57.615689;15.580343
Marieby;63.116689;14.723028
Mariefred;59.259945;17.222948
Marieholm;55.864144;13.151533
Marielund;59.838943;17.870543
Mariestad;58.800977;13.751662
Markaryd;56.459613;13.591983
Marmaskogen;61.278953;16.896402
Marma;59.784245;17.839820
Marmorbyn;59.045239;16.069696
Marstrand;57.886761;11.588797
Matfors;62.346769;17.019979
Medle;64.745230;20.756741
Medåker;59.451516;15.754719
Mehedeby;60.445910;17.403973
Mellansel;63.424772;18.308823
Mellbystrand;56.504597;12.948391
Mellerud;58.682429;12.525313
Mellösa;59.100733;16.561849
Merlänna;59.280796;16.980532
Mjällby;56.047083;14.678027
Mjällom;62.986690;18.430428
Mjöbäck;57.314698;12.875615
Mjöhult;56.816097;14.360647
Mjölby;58.295391;15.179064
Mjönäs;59.879452;13.55936
Mockfjärd;60.502899;14.959955
Mogata;58.451127;16.451785
Moheda;57.004355;14.572811
Mohed;61.294540;16.827051
Moholm;58.607027;14.038339
Moliden;63.379294;18.455573
Molkom;59.602235;13.728668
Mollösund;58.073313;11.475499
Mora;61.008209;14.543133
Morgongåva;59.933759;16.962697
Morup;56.979293;12.395902
Motala;58.542039;15.041261
Mullhyttan;59.151568;14.683658
Mullsjö;57.942325;13.816638
Munga;59.744661;16.521960
Munka-Ljungby;56.256101;12.973975
Munkedal;58.607817;11.672323
Munkfors;59.809955;13.488232
Munktorp;59.532577;16.134284
Muskö;58.995830;18.114857
Myckle;64.753000;20.843137
Myggenäs;58.055490;11.743581
Myresjö;57.384661;14.966436
Myrviken;63.000251;14.338833
Målilla;57.387601;15.812169
Målsta;63.153293;14.503876
Månkarbo;60.226211;17.466286
Måttsund;65.544163;21.902536
Märsta;59.625238;17.851567
Möklinta;60.086028;16.544777
Mölle;56.282746;12.498322
Mölltorp;58.494309;14.41381
Mölnbo;59.048603;17.41531
Mölnlycke;57.658361;12.113576
Mönsterås;57.042955;16.444801
Mörarp;56.056735;12.877454
Mörbylånga;56.524963;16.379998
Mörlunda;57.323302;15.865313
Mörrum;56.192516;14.751521
Mörsil;63.309848;13.657397
Nedansjö;62.376436;16.848226
Nedre Gärdsjö;60.938578;15.225472
Nibble;59.064191;17.624100
Nikkala;65.804057;23.914270
Nissafors;57.407874;13.637141
Nitta;57.827588;13.193772
Njutånger;61.613485;17.052906
Nolvik;57.777278;11.831599
Nora;62.763013;18.272028
Norberg;60.061747;15.954910
Nordanö;62.742779;18.120571
Nordingrå;62.845904;18.655486
Nordkroken;58.382685;12.41426
Nordmaling;63.475532;19.548486
Nordöstra Göteborg;57.861715;11.517247
Norje;56.122104;14.668745
Norra Bro;59.226584;15.250518
Norra Lagnö;59.354259;18.408346
Norr Amsberg;60.530472;15.356155
Norra Muskö;58.995830;18.114857
Norra Riksten;59.189071;17.915707
Norra Rörum;56.017655;13.507504
Norra Vindö;57.365182;12.057731
Norra Visby;57.664609;18.332447
Norrfjärden;65.419619;21.500646
Norr-Hede;62.424745;13.534383
Norrhult-Klavreström;57.127551;15.162189
Norrköping;58.590912;16.190351
Norrmjöle;63.667528;20.123630
Norrsundet;60.929974;17.140667
Norrtälje;59.759173;18.703747
Norsbron;59.687833;14.616433
Norsholm;58.506293;15.974581
Norsjö;64.936309;19.476216
Nossebro;58.188396;12.719209
Nusnäs;60.962501;14.646180
Nya Långenäs;57.656138;12.165207
Nyborg;59.837280;17.535841
Nybro;56.745225;15.906154
Nybrostrand;55.433008;13.950298
Nyehusen;55.854010;14.225262
Nye;57.343615;15.274067
Nygård;56.962263;14.835024
Nyhammar;60.292442;14.969654
Nykil;58.221650;15.500700
Nykroppa;59.622527;14.304553
Nykvarn;59.196648;17.397728
Nykyrka;58.829787;16.747025
Nyköping;58.754491;17.011814
Nyland;65.860968;24.121486
Nymölla;56.039288;14.464035
Nynäshamn;58.905645;17.947098
Nysättra;59.810277;18.893669
Nås;60.455788;14.497512
Nälden;63.348140;14.254167
Näs bruk;60.179828;16.478600
Nässjö;57.653037;14.698155
Näsum;56.172615;14.498832
Näsviken;61.766667;16.866667
Näsviken;63.851591;15.535497
Näsåker;63.442944;16.897486
Nättraby;56.205946;15.530474
Nävekvarn;58.630060;16.796682
Nävragöl;56.375172;15.565153
Nöbbele;56.695892;15.022591
Nödinge-Nol;57.906877;12.060160
Obbola;63.702584;20.313093
Ockelbo;60.919700;16.542670
Odensbacken;59.162539;15.525526
Odensberg;58.154929;13.435662
Oknö;56.998086;16.503481
Oleby;60.135705;13.036516
Olofstorp;57.798552;12.168591
Olofström;56.278997;14.533325
Olsfors;57.691805;12.698833
Olshammar;58.755540;14.799502
Onsala;57.427218;12.030270
Onslunda;55.598492;14.050292
Ormaryd;57.666574;14.83086
Ornäs;60.510133;15.538583
Orrefors;56.839478;15.748617
Orrhammar;59.08054;16.563566
Orrviken;63.106351;14.437171
Orsa;61.120117;14.622253
Osbyholm;55.848210;13.610839
Osby;56.382746;13.993285
Oskarshamn;57.263281;16.444347
Oskarström;56.801561;12.976093
Ostvik;64.881956;21.063818
Otterbäcken;58.943790;14.039389
Oxelösund;58.670016;17.104082
Oxie;55.546157;13.096786
Pajala;67.209036;23.364729
Parksidan;59.284221;17.846563
Pauliström;57.468898;15.509390
Persberg;59.113364;15.546807
Pershagen;59.152798;17.656331
Perstorp;56.137696;13.395281
Persön;65.739828;22.168236
Pilgrimstad;62.954340;15.043739
Piperskärr;57.778491;16.633994
Piteå;65.313476;21.489939
Porjus;66.960080;19.822231
Prästängen;59.621465;17.706711
Pukavik;56.167715;14.683124
Påarp;56.031794;12.815699
Pålsboda;59.065183;15.337320
Påläng;65.813772;22.891509
Påryd;56.568072;15.926524
Påskallavik;57.162953;16.459455
Rabbalshede;58.610765;11.471778
Ramdala;56.183646;15.766504
Ramnäs;59.776193;16.197830
Ramsberg;59.768505;15.300246
Ramsele;63.538099;16.468698
Ramstalund;59.798448;17.442889
Ramvik;62.816873;17.865410
Ransta;59.811410;16.638089
Rappestad;58.410335;15.420873
Reftele;57.175757;13.592978
Rejmyre;58.830057;15.931366
Rengsjö;61.362768;16.614325
Repbäcken;60.515794;15.344262
Resarö;59.430784;18.333296
Revingeby;55.725820;13.459653
Riala;59.631719;18.517372
Riddarhyttan;59.808647;15.538597
Rimbo;59.745319;18.360176
Rimforsa;58.137829;15.676202
Rindö;59.40183;18.372286
Ringarum;58.333783;16.444430
Rinkabyholm;56.654593;16.261189
Rinkaby;55.982144;14.273104
Risby;57.894495;11.850962
Rishammar;57.906184;11.936017
Risögrund;65.810747;23.244968
Robertsfors;64.193285;20.854274
Robertsholm;60.570750;16.270978
Rockhammar;59.528885;15.449055
Rockneby;56.804297;16.349063
Roknäs;65.349932;21.178993
Rolfs;65.846276;23.124370
Rolfstorp;57.145253;12.45987
Romakloster;57.507393;18.450613
Romme;60.442504;15.482722
Ronnebyhamn;56.174054;15.292186
Ronneby;56.210041;15.276035
Rosenfors;57.362821;15.839269
Rosenlund;57.526661;13.344477
Rosersberg;59.581732;17.888175
Rossön;63.928714;16.314311
Rosvik;65.426626;21.692732
Roteberg;61.394776;15.838278
Rottneros;59.796396;13.109385
Rottne;57.021676;14.892100
Rot;61.256161;14.038113
Ruda;58.98194;15.863871
Rud;57.786236;13.865392
Rundvik;63.541151;19.440203
Runemo;61.355796;16.143664
Runtuna;58.872985;17.074430
Rusksele;64.815066;18.899262
Rutvik;65.670178;22.089850
Rya;58.056370;13.332731
Rydaholm;56.987188;14.309857
Ryd;58.220865;13.372489
Rydal;57.556172;12.693667
Rydboholm;57.654335;12.884362
Rydbo;59.463626;18.185024
Rydebäck;55.966444;12.780677
Ryd;58.220865;13.372489
Rydsgård;55.470789;13.588290
Rydsnäs;57.800021;15.146572
Ryd;58.220865;13.372489
Rydöbruk;56.960859;13.143345
Ryssby;56.864492;14.167912
Råby;59.897716;17.675591
Råda;60.005367;13.597393
Råneå;65.856088;22.289997
Rångedala;57.793019;13.125345
Rånnaväg;57.676743;13.465877
Rånäs;59.803183;18.301225
Råtorp;59.410535;13.487439
Rälla;56.774459;16.571886
Ränneslöv;56.453316;13.076352
Rätan;62.472121;14.557917
Rättarboda;59.500988;17.604074
Rättvik;60.883754;15.122678
Rävemåla;56.556264;15.264463
Rävlanda;57.655551;12.499865
Röbäck;63.809335;20.187522
Röda holme;57.376334;11.991584
Rödeby;56.257432;15.618547
Rödån;64.116237;20.006266
Röke;56.235947;13.522654
Rönneshytta;58.923791;15.03931
Rönnäng;57.937715;11.585986
Rörvik;57.417842;11.939965
Rörö;57.781185;11.605982
Röstånga;56.000698;13.291218
Sala;59.920226;16.605644
Salbohed;59.911787;16.349275
Saleby;58.140254;13.603637
Saltsjöbaden;59.279277;18.304929
Sandared;57.710057;12.793982
Sandarne;61.259492;17.163533
Sandhem;58.012698;13.499449
Sandhult;57.769562;12.820944
Sandskogen;55.762881;12.982192
Sandslån;62.309973;17.380728
Sandviken;60.619422;16.783333
Sandviken;59.183333;17.633333
Sangis;65.855789;23.495749
Sankt Olof;55.636693;14.129242
Saxdalen;60.150877;14.976220
Saxnäs;56.686651;16.491955
Saxtorpsskogen;55.828988;12.942142
Segersta;61.266693;16.645052
Segersäng;59.027020;17.929652
Segmon;59.274787;13.042653
Selja;61.017549;14.471227
Selånger;62.404767;17.126484
Sennan;56.774140;12.979098
Seskarö;65.726458;23.731355
Sexdrega;57.576853;13.117921
Sibbhult;56.269404;14.195023
Sibble;59.112867;17.744928
Sibo;61.214991;16.602652
Sidensjö;63.277804;18.076399
Sifferbo;60.557505;15.222898
Sigtuna;59.616520;17.723630
Siljansnäs;60.775392;14.857697
Silverdalen;57.543427;15.747964
Simlångsdalen;56.720464;13.126037
Simonstorp;58.786108;16.154592
Simrishamn;55.556554;14.349990
Sjuhalla;56.188899;15.562280
Sjulsmark;65.519859;21.491570
Sjunnen;57.435987;15.172909
Sjunnerup;56.105694;12.726249
Sjuntorp;58.188230;12.226877
Själsö;57.695914;18.360332
Sjöbo;55.635086;13.703116
Sjögestad;58.361545;15.369854
Sjörröd;56.282589;13.915975
Sjösa;58.776571;17.086447
Sjöskogen och Strand;58.286712;11.830503
Sjötorp;58.837351;13.980023
Sjövik;57.915932;12.370609
Skanör med Falsterbo;55.406007;12.844342
Skara;58.384607;13.439767
Skarpö;59.395874;18.976177
Skattkärr;59.417686;13.677096
Skattungbyn;61.185738;14.848198
Skavkulla och Skillingenäs;56.178442;15.518659
Skebobruk;59.968548;18.612015
Skebokvarn;59.061482;16.708105
Skedala;56.693218;12.973859
Skeda udde;58.291674;15.559967
Skede;63.250541;19.004406
Skedvi kyrkby;60.403368;15.812790
Skee;58.924422;11.268152
Skegrie;55.406315;13.082367
Skelleftehamn;64.687603;21.236392
Skellefteå;64.742143;20.971923
Skepplanda;57.982574;12.212476
Skeppshult;57.126356;13.361951
Skeppsvik;63.799265;20.578910
Skiftinge;59.389915;16.538067
Skillingaryd;57.428947;14.091985
Skillinge;55.475713;14.279918
Skinnskatteberg;59.792577;15.745683
Skivarp;55.424630;13.569718
Skoby;60.033424;18.029507
Skoghall;59.324185;13.470522
Skogsby;58.785863;16.319955
Skottorp;56.450007;12.961617
Skrea;56.883355;12.558435
Skruv;57.158718;15.164831
Skultorp;58.341621;13.827990
Skultuna;59.721776;16.428147
Skumparp;55.538813;12.966722
Skurup;55.483927;13.501464
Skutskär;60.635222;17.409286
Skyttorp;60.080892;17.735795
Skålö;60.563861;14.301572
Skånes-Fagerhult;56.370506;13.465170
Skåne-Tranås;55.614047;13.993737
Skåpafors;59.022839;12.289002
Skåre;55.377133;13.050329
Skällinge;57.182168;12.468343
Skänninge;58.395580;15.086770
Skärblacka;58.575892;15.923000
Skärhamn;57.990922;11.549795
Skärplinge;60.474156;17.762776
Skärstad;57.888091;14.364036
Sköldinge;59.031551;16.445463
Sköllersta;59.137692;15.337695
Skölsta;59.876284;17.748717
Skörby;59.567537;17.483612
Skövde;58.389845;13.844379
Slaka;58.359696;15.553717
Slite;57.707220;18.801919
Slite norra;57.707220;18.801919
Slottsbron;59.323821;13.104132
Slottsskogen;57.687282;11.940638
Slätthult;55.996056;13.872717
Slöinge;56.855134;12.690862
Smedby;60.693638;15.052840
Smedjebacken;60.141496;15.415104
Smedseröd;58.365430;11.807151
Smedstorp;55.550375;14.116682
Smygehamn;55.346446;13.374123
Smålandsstenar;57.162696;13.411558
Smögen;58.353644;11.226118
Snogeröd;55.838666;13.494158
Snöveltorp;58.500942;16.161604
Solberga;57.940833;11.810833
Solberga;57.733333;14.750000
Solberga;59.495278;18.356389
Sollebrunn;58.119999;12.533111
Sollefteå norra;63.168023;17.265447
Sollefteå;63.168023;17.265447
Sollerön;60.913298;14.615740
Solvarbo;60.390240;15.670833
Sommen;58.015502;15.212850
Sonstorp;58.724620;15.634397
Sorsele;65.533066;17.536874
Sorunda;59.014384;17.821050
Sparreholm;59.071630;16.829298
Spekeröd;58.032826;11.870128
Spillersboda;59.702861;18.856370
Spjutsbygd;56.311330;15.595431
Spjutstorp;55.579951;14.014554
Spångsholm;58.352508;15.236179
Spånlöt;59.572133;18.289962
Staffanstorp;55.642739;13.211399
Stallarholmen;59.361279;17.207143
Stare;58.917855;11.207555
Stava;58.130147;14.567888
Stavreviken;62.553498;17.409703
Stavsjö;58.723851;16.418340
Stavsnäs;59.288201;18.691782
Stehag;55.903151;13.393866
Stenared;57.805243;12.189724
Stenhamra;59.334749;17.687364
Steninge;56.764323;12.634688
Steningehöjden;59.621460;17.796332
Stenis;60.948277;14.461244
Stensele;65.067883;17.147755
Stensjön;57.581899;14.820178
Stenstorp;58.271317;13.713327
Stenungsund;58.061063;11.908631
Stenungsön;58.066934;11.800581
Stenåsen;58.432234;13.584021
Sticklinge udde;59.390487;18.090382
Stigen;58.300669;12.066645
Stigtomta;58.802763;16.785344
Stilleryd;56.173149;14.819885
Stjärnhov;59.080099;17.013662
Stoby;56.175596;13.827924
Stockamöllan;55.945690;13.373799
Stocka;61.898199;17.333013
Stockaryd;57.319595;14.591119
Stockholm;59.325117;18.071093
Stockvik;62.347803;17.364835
Stora Bugärde;57.653878;12.397367
Stora Dyrön;57.928828;11.611827
Stora Herrestad;55.474891;13.874225
Stora Höga;58.014335;11.828449
Stora Levene;58.325517;12.923582
Stora Mellby;58.141468;12.579785
Stora Mellösa;59.210613;15.497550
Stora Rör;56.756756;16.527238
Stora Vika;58.955646;17.785737
Storebro;56.150783;15.3818
Storfors;59.463157;14.277864
Storuman;65.443959;15.832388
Storvik;60.582853;16.525365
Storvreta;59.956938;17.704209
Storå;59.7136;15.135533
Striberg;59.545432;14.941675
Strålsnäs;58.237724;15.091668
Strångsjö;58.905360;16.199816
Stråssa;59.739452;15.201540
Strängnäs;59.349601;17.081336
Strömma;57.564189;12.457947
Strömsbruk;61.8699;17.317171
Strömsholm;59.523741;16.248736
Strömsnäsbruk;56.552468;13.731973
Strömstad;58.938150;11.178730
Strömsund;63.851666;15.558235
Strövelstorp;56.166109;12.837575
Stugun;63.169262;15.612287
Sturefors;58.336740;15.721157
Sturkö;56.098674;15.664782
Styrsö;57.609428;11.782149
Stånga;57.281454;18.471394
Stångby;55.749279;13.194780
Ställdalen;59.934554;14.945443
Stöcke;63.742559;20.231426
Stöcksjö;63.779389;20.195725
Stöde;62.417776;16.578272
Stöllet;60.410045;13.26975
Stöpen;58.478527;13.866720
Sulvik;59.678270;12.415219
Sundborn;60.654176;15.781320
Sundby;59.288476;17.719274
Sundbyholm;59.438272;16.619871
Sundom;65.772130;22.264301
Sundsvall;62.390755;17.307102
Sund;57.777477;14.596108
Sunnansjö;60.221459;14.960771
Sunnemo;59.884283;13.722264
Sunne;59.890765;13.045421
Surahammar;59.707058;16.221994
Surte;57.826762;12.016163
Svalsta;58.743096;16.875131
Svalöv;55.913651;13.106982
Svanberga;59.840363;18.662935
Svanesund;58.143036;11.819062
Svanskog/Svaneholm;59.179793;12.550962
Svappavaara;67.646923;21.055485
Svartbyn;66.259630;22.820359
Svartehallen;58.118234;11.957990
Svarte;55.430931;13.715131
Svartudden;58.732952;11.172323
Svartå;65.029789;20.768065
Svedala;55.515242;13.238435
Sveg;62.036070;14.359839
Svenljunga;57.496312;13.112259
Svensbyn;65.310331;21.234612
Svenshögen;58.144643;11.938389
Svenstavik;62.766806;14.432422
Svenstorp;59.112646;15.389159
Svinninge;59.449483;18.283511
Svängsta;56.261980;14.774798
Svärdsjö;60.742297;15.903846
Svärtinge;58.650264;16.029186
Sya;58.334732;15.223077
Sysslebäck;60.730431;12.871173
Sågmyra;60.713400;15.296540
Säffle;59.072789;13.163091
Sälen;61.155723;13.269408
Sälgsjön;60.617605;17.113604
Särna;61.694181;13.143068
Säter;60.414235;15.737297
Sätila;57.541234;12.435089
Sätinge;57.444200;12.137018
Sätra Brunn;59.862903;16.442051
Sättra;59.620932;18.439134
Sävar;63.902075;20.552316
Sävast;65.761657;21.751024
Säve;57.803487;11.911706
Sävja;59.811622;17.700561
Sävsjö;57.317287;14.612718
Söderby;59.382500;17.585278
Söderby-Karl;59.897693;18.696980
Söderbärke;60.073010;15.564555
Söderfors;60.388132;17.241258
Söderhamn;61.299850;17.060759
Söderköping;58.482380;16.321622
Söderskogen;59.676202;17.595891
Södersvik;59.750116;18.915614
Södertälje;59.196428;17.627166
Söderåkra;56.446032;16.070616
Södra Bredåker;65.901020;21.321748
Södra Sandby;56.567171;16.619985
Södra Sunderbyn;65.654162;21.953414
Södra Vi;57.741455;15.796053
Sölvesborg;56.050653;14.587190
Sörforsa;61.717887;16.969660
Sörfors;63.872978;20.036461
Sörmjöle;63.679946;20.002339
Sörstafors;59.583061;16.210761
Sörvik;60.186912;15.147367
Söråker;62.504549;17.508612
Sösdala;56.040630;13.681493
Sövde;55.585031;13.673597
Sövestad;55.501399;13.795260
Taberg;57.678947;14.091865
Tallboda;58.430858;15.686590
Tallvik;66.337260;22.847685
Tallåsen;59.451989;14.771379
Tandsbyn;63.000922;14.745313
Tanumshede;58.721908;11.332385
Tavelsjö;64.035882;20.050217
Teckomatorp;55.866539;13.090358
Tenhult;57.706654;14.321033
Tibro;58.424890;14.163119
Tidaholm;58.140693;13.924145
Tidan;58.576338;14.012095
Tidö-Lindö;59.512822;16.531577
Tierp;60.342961;17.516839
Tillberga;59.686704;16.618347
Timmele;57.861904;13.428551
Timmernabben;56.970307;16.43421
Timmersdala;58.527673;13.759432
Timrå;62.489319;17.327373
Tingsryd;56.527906;14.977188
Tingstäde;57.735759;18.613689
Tjautjas;67.326607;20.736699
Tjuvkil;57.893324;11.743298
Tjällmo;58.715150;15.354501
Tjörnarp;55.999983;13.635045
Tobo;60.257396;17.656487
Tofta;57.520806;18.168597
Tofta;57.173850;12.300510
Toftbyn;60.713232;15.785604
Tollarp;55.934062;13.975141
Tollered;57.818729;12.422679
Tomelilla;55.543798;13.954122
Tomtebo;63.808575;20.376449
Torbjörntorp;58.210335;13.608092
Torekov;56.426297;12.626767
Torestorp;56.794375;15.947044
Torhamn;56.095268;15.831092
Tormestorp;56.111580;13.744208
Torna Hällestad;55.678976;13.418465
Torpa;57.188948;12.280569
Torpsbruk;57.034375;14.571008
Torpshammar;62.476165;16.331355
Torreby;58.443718;11.599255
Torsby;60.135520;13.006788
Torshälla;59.419243;16.474944
Torsåker;63.076659;17.715374
Torsång;60.463520;15.569629
Torsås;56.412408;16.003073
Tortuna;59.674702;16.722464
Torup;56.953542;13.074462
Totebo;57.631865;16.182809
Tranemo;57.490491;13.431046
Tranholmen;59.291823;17.779643
Transtrand;61.090370;13.321705
Tranås;58.039262;14.825735
Traryd;56.579041;13.752695
Trekanten;56.699905;16.116710
Trelleborg;55.37592;13.146152
Trollhättan;58.217868;12.341385
Trosa;58.896705;17.547811
Trångsviken;63.333131;14.016113
Tråvad;58.251866;13.085384
Trädet;57.985633;13.531922
Trödje;60.818958;17.214570
Trönninge;57.14172;12.288236
Trönningenäs;57.138731;12.223881
Trönö;61.396137;16.833717
Tumba;59.200555;17.834312
Tumbo;59.429688;16.339888
Tumlehed;57.728818;11.743370
Tuna;55.913333;12.689722
Tuna;59.253428;17.490446
Tuna;57.576600;16.105200
Tunnerstad;58.047598;14.337399
Tuolluvaara;67.855418;20.318467
Tureholm;66.392166;23.604889
Tving;56.310280;15.462932
Tvååker;57.041893;12.398992
Tvärskog;56.623633;16.041255
Tvärålund;64.099244;19.670260
Tye;59.345907;13.561706
Tygelsjö;55.514669;13.001715
Tynningö;59.377574;18.392701
Tyringe;56.160204;13.604263
Tystberga;58.849348;17.234324
Tågarp;56.304305;13.822234
Tångaberg;57.174622;12.225890
Tånga och Rögle;56.193729;12.773407
Tånnö;57.094246;14.047422
Täfteå;63.839675;20.475946
Täljö;59.471790;18.239194
Tällberg;60.825635;14.994580
Tärnaby;65.713176;15.282744
Tärnsjö;60.154562;16.927510
Tävelsås;56.769892;14.823869
Töcksfors;59.509315;11.842519
Töllsjö;57.797309;12.634760
Töreboda;58.708106;14.123973
Töre;65.913129;22.647827
Törestorp;58.309948;13.073277
Tösse;58.971904;12.644860
Ubbhult norra;57.580985;12.354719
Ucklum;58.084444;11.956919
Uddebo;57.474595;13.263325
Uddeholm;60.024766;13.619007
Udden;58.839547;11.079480
Uddevalla;58.349055;11.938285
Uddheden;59.945983;12.910784
Ullared;57.136086;12.715631
Ullervad;58.666834;13.856477
Ullånger;63.018220;18.141902
Ulricehamn;57.811217;13.444322
Ulrika;58.132970;15.394375
Ultuna;59.815944;17.659877
Ulvkälla;62.023158;14.365271
Ulvåker;58.473624;13.928527
Umeå;63.825656;20.263074
Undenäs;58.656896;14.398847
Undersåker;63.314686;13.242053
Unnaryd;56.954534;13.528480
Upphärad;58.158264;12.304859
Upplanda;60.202035;17.180220
Uppsala;59.859412;17.64112
Urshult;56.531760;14.814100
Ursviken;64.708124;21.176686
Utby;58.333811;11.786892
Utvälinge;56.215747;12.780708
Vad;59.769675;16.861097
Vadstena;58.431081;14.780762
Vaggeryd;57.498057;14.148478
Vagnhärad;58.946880;17.495592
Valbo;60.644777;17.012276
Valdemarsvik;58.202590;16.603219
Valinge;57.171131;12.381098
Valje;56.064597;14.544245
Valla;62.390683;17.165769
Vallargärdet;59.477358;13.584232
Vallberga;56.467628;13.024907
Vallda;57.472678;11.999076
Vallentuna;59.533224;18.076450
Vallkärra;55.740753;13.173056
Vallsta;60.417512;15.358189
Vallvik;61.184365;17.176344
Vallåkra;55.962267;12.858315
Valskog;59.444012;15.949726
Vankiva;56.200364;13.741501
Vannsätter;61.260800;16.788084
Vansbro;60.461057;14.259809
Vansö kyrkby;59.405653;16.940407
Vaplan;63.335505;14.215024
Vara;58.249026;13.101598
Varberg;57.105741;12.250294
Varekil;58.125344;11.719767
Vargön;58.358103;12.400362
Varnhem;58.385343;13.650570
Vartofta;58.096067;13.632775
Vassmolösa;56.598532;16.164912
Vattholma;60.019050;17.732792
Vattjom;62.365063;17.033805
Vattnäs;61.047784;14.594616
Vattubrinken;59.243867;17.582851
Vaxholm;59.400907;18.290323
Veberöd;55.633499;13.492564
Veddige;57.266395;12.330372
Vedevåg;59.524706;15.297993
Vedum;58.171041;12.995567
Vegby;57.678860;13.374226
Veinge;56.554025;13.076164
Velanda;58.228718;12.310233
Vellinge;55.470895;13.019944
Vemdalen;62.445167;13.862820
Vena;57.859463;11.874712
Venjan;60.952753;13.910921
Vessigebro;56.978627;12.658665
Vetlanda;57.426017;15.087022
Vibble;57.603836;18.249661
Vickleby;56.581931;16.458896
Vidja;59.197165;18.059693
Vidsel;65.833605;20.520088
Vidöåsen;59.341977;13.453336
Viforsen och Tunbyn;62.306101;17.254139
Vika;60.512748;15.710759
Vikarbyn;60.910639;15.023776
Viken;57.806428;13.883746
Vikingstad;58.383241;15.433245
Vikmanshyttan;60.299009;15.831051
Vik;59.736383;17.462543
Viksjöfors;61.337522;15.952948
Vilhelmina;64.625718;16.654162
Villshärad;56.694360;12.696605
Vilshult;56.354337;14.482624
Vimmerby;57.678134;15.791723
Vinberg;56.947054;12.542938
Vinbergs kyrkby;56.930569;12.547963
Vindeln;64.202481;19.717752
Vindön;58.299203;11.691718
Vingåker;59.043372;15.871556
Vinninga;58.453754;13.260211
Vinnö;56.056175;14.087880
Vinslöv;56.102213;13.909576
Vintrie;55.552977;12.962067
Vintrosa;59.255355;14.961855
Vinäs;60.967894;14.540253
Virsbo;59.871368;16.048057
Virserum;57.316854;15.586853
Visby;57.637936;18.297982
Viskafors;57.630750;12.849207
Vislanda;56.787226;14.451583
Vissefjärda;56.535523;15.586146
Vistträsk;65.692846;20.648637
Vi;62.428333;17.418437
Vitaby;55.684977;14.153547
Vittangi;67.678286;21.650187
Vittaryd;56.970755;13.946791
Vittinge;59.904332;17.061062
Vittjärv;65.850234;21.590291
Vittsjö;56.341923;13.665492
Vittskövle;55.857306;14.147398
Vollsjö;55.705442;13.790058
Vrena;58.860158;16.698263
Vretstorp;59.023555;14.866828
Vrigstad;57.354616;14.474132
Vrångö;57.575646;11.785133
Vuollerim;66.429560;20.602417
Vålberg;59.395381;13.193470
Våmhus;61.116860;14.477964
Vånga;56.182372;14.373710
Vårdsätra;59.793512;17.622593
Vårgårda;58.031649;12.809040
Vårsta;59.165330;17.795928
Våxtorp;56.419302;13.115896
Väckelsång;56.640268;14.917505
Väderstad;58.311435;14.923643
Väggarp;55.786782;13.241248
Väländan;59.112957;17.987988
Vänersborg;58.443364;12.360981
Väne-Åsaka;58.247085;12.420240
Vänge;59.858646;17.430238
Vännäsby;63.914888;19.824866
Vännäs;63.940872;19.702571
Väring;58.511243;13.960835
Värmlandsbro;59.181513;13.014790
Värnamo;57.185213;14.041217
Värsås;58.349996;14.049270
Väröbacka;57.251126;12.180716
Väse;59.384482;13.852877
Väskinde;57.691178;18.420183
Västanvik;60.729444;14.945478
Västanvik;58.683330;14.933330
Västerberg;58.996866;15.379228
Västerby;59.848114;17.516331
Västerfärnebo;59.946130;16.279683
Västerhaninge;59.122159;18.108596
Västerhejde;57.585592;18.227334
Västerljung;58.921333;17.447492
Västerlösa;58.422555;15.350139
Västermyckeläng;61.212874;14.031354
Västervik;57.759418;16.638503
Västerås;59.611099;16.546367
Västra Bispgården;63.024153;16.635490
Västra Hagen;57.421668;11.940857
Västra Husby;58.486862;16.172054
Västra Ingelstad;55.490469;13.112362
Västra Karaby;55.810902;13.051412
Västra Karup;56.411539;12.743405
Västra Tommarp;55.397667;13.102386
Västra Ämtervik;59.727172;13.143214
Växjö;56.878718;14.809438
Yngsjö;55.88277;14.229382
Ysane;56.088968;14.649451
Ysby;56.493315;13.119966
Ystad;55.432984;13.819655
Ytterhogdal;62.177209;14.939436
Ytternäs och Vreta;59.775535;17.601377
Yttersjö;63.786928;19.984477
Zinkgruvan;58.815435;15.106626
Åbyggeby;60.728651;17.126838
Åby;58.662148;16.175925
Åbytorp;60.043209;17.983401
Åby;58.662148;16.175925
Åhus;55.923516;14.295522
Åkarp;55.876893;13.136220
Åkersberga;59.482351;18.294398
Åkers styckebruk;59.256441;17.108021
Ålberga;58.725042;16.580952
Åled;56.742381;12.947557
Åminne;57.612497;18.761462
Åmmeberg;58.865610;14.999192
Åmotfors;59.762586;12.362227
Åmot;59.705202;12.887207
Åmunnen;56.627696;16.236805
Åmynnet;63.186110;18.530696
Åmål;58.969858;12.618004
Ånge;62.473979;15.641942
Ånäset;65.279046;19.908666
Åre;63.401088;13.082224
Årjäng;59.442445;12.109184
Årnäs;58.667914;13.584610
Årstad;59.583566;12.130193
Årsta Havsbad;59.086226;18.165957
Årsunda;60.515076;16.733418
Åryd;57.954798;13.650650
Åryd;57.954798;13.650650
Åsa;58.004745;14.604402
Åsarna;62.645937;14.370560
Åsarp;58.023848;13.568091
Åsbro;58.997080;15.057334
Åsby;59.206160;15.575398
Åseda;57.169126;15.352502
Åsele;64.200078;17.614134
Åsensbruk;58.807243;12.419478
Åshammar;60.642278;16.554025
Ås;57.049573;12.306622
Åsljunga;56.309388;13.374488
Åstorp;56.135121;12.946246
Åtvidaberg;58.217336;16.140217
Älandsbro;62.673559;17.836039
Älgarås;58.813509;14.252111
Älghult;63.819109;18.425977
Älgö;59.266912;18.343347
Älmhult;56.551288;14.139176
Älmsta;59.971707;18.803142
Älvdalen;61.229898;14.037394
Älvkarleby;60.694577;17.695628
Älvkarleö;59.353941;18.094415
Älvnäs;60.586772;15.068918
Älvsala;59.297232;18.640445
Älvsbyn;65.737266;20.681897
Älvsered;57.241455;12.866472
Älvängen;57.957664;12.118833
Änge;63.458115;14.064932
Ängelholms strand;56.232247;12.997921
Ängelholm;56.242922;12.861937
Äng;57.695571;14.566670
Ängsmon;63.143605;14.752784
Ängsvik;59.240578;18.530325
Äppelbo;60.485884;14.013852
Ärla;59.282521;16.676984
Äsköping;59.147598;16.068838
Äspered;57.755126;13.178227
Äsperöd;55.609573;13.918975
Ätran;57.564310;13.124590
Öbolandet;58.869822;17.572178
Öbonäs;58.540714;16.183652
Öckerö;57.727900;11.423683
Ödeborg;58.545129;11.971767
Ödeshög;58.224593;14.662207
Ödsmål och Åsebyberg;57.915144;11.800024
Ödsmål;58.110845;11.856059
Ödåkra;56.103350;12.749927
Öggestorp;57.723374;14.383571
Öjersjö;57.703826;12.143091
Ölmbrotorp;59.389639;15.244761
Ölme;59.362094;14.009947
Ölmstad;57.926612;14.397633
Ölsta;59.400148;17.655159
Önneköp;55.786116;13.870890
Önnestad;56.055872;14.023399
Örbyhus;60.226932;17.705628
Örebro;59.274737;15.214998
Öregrund;60.338115;18.442181
Örkelljunga;56.283976;13.278452
Örnsköldsvik;63.288861;18.716020
Örserum;58.010109;14.572033
Örsjö;55.466552;13.564822
Örslösa;58.508818;13.004258
Örsundsbro;59.731978;17.302278
Örsundsbro norra;59.731978;17.302278
Örtagården;57.681304;11.952412
Örtofta;55.778322;13.243988
Örviken;64.668952;21.179696
Ösmo;58.982826;17.896191
Össjö;56.228610;13.031806
Östadkulle;58.023946;12.637291
Östansjö;63.960035;20.029861
Österbybruk;60.195936;17.901448
Österbymo;57.824795;15.275396
Österfärnebo;60.305626;16.800194
Österslöv;56.096288;14.245903
Österstad;58.519297;15.176064
Östersund;63.179365;14.635706
Östervåla;60.180932;17.178084
Östhammar;60.259016;18.373658
Östra Bispgården;63.024153;16.635490
Östra Frölunda;57.343315;13.029861
Östra Grevie;55.467549;13.135778
Östra Husby;58.576900;16.563881
Östra Kallfors;59.110495;17.560215
Östra Karup;56.423867;12.943154
Östra Ljungby;56.191351;13.064778
Östra Ryd;58.404927;16.164527
Östra Sönnarslöv;55.885956;14.015647
Östra Tommarp;55.537917;14.234369
Östra Vemmerlöv;55.582932;14.232583
Överboda;60.781072;15.040524
Överhärde;60.616140;16.973445
Överkalix;66.492048;22.604758
Överlida;57.349794;12.895822
Övertorneå;66.390045;23.655002
Övertänger;60.865157;15.762185
Överum;57.988748;16.314315
Öxabäck;57.394745;12.804626
Öxeryd;57.737618;12.274383
